[{
  "_id": {
    "$oid": "66090762e6eebfd300780c1c"
  },
  "username": "g4n6",
  "name": "Gio Ascan",
  "bio": "We think outside the box, but we’re still inside the internet.",
  "pfp": "https://wallpapercave.com/wp/wp8218764.jpg",
  "posts": 5,
  "password": "$2b$10$giptlqVHKIM2hXaoPot19.IrU0oaU1CVJ2JJ1hAham3VyQvlzSwYi",
  "friends": [
    {
      "$oid": "66090762e6eebfd300780c1c"
    },
    {
      "$oid": "66090762e6eebfd300780c1d"
    },
    {
      "$oid": "66090762e6eebfd300780c1e"
    },
    {
      "$oid": "66090762e6eebfd300780c1f"
    }
  ],
  "bookmarks": [
    {
      "$oid": "66091156e6eebfd300780cad"
    },
    {
      "$oid": "66091156e6eebfd300780cae"
    },
    {
      "$oid": "66091156e6eebfd300780caf"
    }
  ]
},
{
  "_id": {
    "$oid": "66090762e6eebfd300780c1d"
  },
  "username": "Pikasaur",
  "name": "Jerome Gutierrez",
  "bio": "I only played pokemon Ruby",
  "pfp": "https://img.artpal.com/95405/2-15-9-21-14-45-47m.jpg",
  "posts": 5,
  "password": "$2b$10$XXikgqVwQLjU1EgZ0VCA.Oa7i6DyX9kU6JOmghvj9Gq5X/n5fnKy6",
  "friends": [
    {
      "$oid": "66090762e6eebfd300780c1c"
    },
    {
      "$oid": "66090762e6eebfd300780c1f"
    }
  ],
  "bookmarks": [
    {
      "$oid": "66091156e6eebfd300780caf"
    }
  ]
},
{
  "_id": {
    "$oid": "66090762e6eebfd300780c1e"
  },
  "username": "Naz",
  "name": "Keinaz Domingo ",
  "bio": "Too lazy for a bio",
  "pfp": "https://cdn.vectorstock.com/i/preview-1x/77/70/handyman-monkey-wrench-circle-cartoon-vector-9967770.jpg",
  "posts": 5,
  "password": "$2b$10$O4GEKrp9YR3qZdTbfsJDQuad6Vr.Ltw3/tpKN7tDQx.NLRcI7Dora",
  "friends": [
    {
      "$oid": "66090762e6eebfd300780c1c"
    },
    {
      "$oid": "66090762e6eebfd300780c1f"
    }
  ],
  "bookmarks": [
    {
      "$oid": "66091156e6eebfd300780cad"
    },
    {
      "$oid": "66091156e6eebfd300780cae"
    },
    {
      "$oid": "66091156e6eebfd300780caf"
    },
    {
      "$oid": "66091156e6eebfd300780cb8"
    },
    {
      "$oid": "66091156e6eebfd300780cbb"
    }
  ]
},
{
  "_id": {
    "$oid": "66090762e6eebfd300780c1f"
  },
  "username": "drnelp",
  "name": "Marnel Peradilla ",
  "bio": "Why are oranges called oranges, but apples aren't called red?",
  "pfp": "https://pyxis.nymag.com/v1/imgs/d6a/dc7/4a5001b7beea096457f480c8808572428b-09-roll-safe.rsquare.w400.jpg",
  "posts": 5,
  "password": "$2b$10$EyEO4hDPqD4zOth3M8QXUuNCWPqSytaSZeJIQGtHqK72TY1nn.Gpe",
  "friends": [
    {
      "$oid": "66090762e6eebfd300780c1e"
    }
  ],
  "bookmarks": [
    {
      "$oid": "66091156e6eebfd300780cb4"
    },
    {
      "$oid": "66091156e6eebfd300780cb2"
    }
  ]
},
{
  "_id": {
    "$oid": "66090762e6eebfd300780c20"
  },
  "username": "Cybersec Memes",
  "name": "Ryan Giran ",
  "bio": "I am unironically a mod. Pls DM me",
  "pfp": "https://f8n-production.s3.amazonaws.com/creators/profile/lg4xls4wg-pepeft-jpg-jxc37f.jpg",
  "posts": 5,
  "password": "$2b$10$VKN9xoAGSXyEw7a78dwv8eOCFg38qAuue83b0IKaZqpGaDBUKHxeK",
  "friends": [
    {
      "$oid": "66090762e6eebfd300780c1c"
    },
    {
      "$oid": "66090762e6eebfd300780c1d"
    },
    {
      "$oid": "66090762e6eebfd300780c1e"
    },
    {
      "$oid": "66090762e6eebfd300780c1f"
    }
  ],
  "bookmarks": [
    {
      "$oid": "66091156e6eebfd300780cae"
    },
    {
      "$oid": "66091156e6eebfd300780caf"
    },
    {
      "$oid": "66091156e6eebfd300780cc0"
    }
  ]
},
{
  "_id": {
    "$oid": "660a877ce31734529bea6f74"
  },
  "username": "PigSmasher01",
  "name": "Wadee Hernandez",
  "bio": "What am I?",
  "pfp": "https://i.imgur.com/8cfFfue.jpeg",
  "posts": 0,
  "password": "$2b$10$1auw/4BBa3dvRIfdbnRuq.kXsDCKl1BMU4gfEbwnb.LOzeKf0zc56",
  "friends": [],
  "bookmarks": []
},
{
  "_id": {
    "$oid": "660ab50120b55c14fecc9448"
  },
  "username": "Wads",
  "name": "Wads Hernandez",
  "bio": "No bio",
  "pfp": "https://static.thenounproject.com/png/1095867-200.png",
  "posts": 0,
  "password": "$2b$10$vozYbDMj/q/zeYqUjfUKfOqc7Qg8GBj1woKEq9dv5hnG016LuC532",
  "friends": [],
  "bookmarks": []
}]