[{
  "_id": {
    "$oid": "660f08693bc4ac4e6844e4bd"
  },
  "uid": {
    "$oid": "660f081c3bc4ac4e6844e429"
  },
  "cid": [
    {
      "$oid": "6609076be6eebfd300780c24"
    }
  ],
  "hidden": false,
  "title": "What is your experience with being a digital forensic investigator?",
  "text": "I'm currently looking into this line of work and I wanted to know what it's like. I've seen some people have bad experiences while others recommend this job.\r\n\r\n",
  "image": null,
  "date": "4/5/2024, 4:07:05 AM",
  "up": 100,
  "down": 0
},
{
  "_id": {
    "$oid": "660f091711c714f300d34962"
  },
  "uid": {
    "$oid": "660f081c3bc4ac4e6844e429"
  },
  "cid": [
    {
      "$oid": "6609076be6eebfd300780c25"
    }
  ],
  "hidden": false,
  "title": "Info security coursesssss",
  "text": "I was wondering how much of the course is actually learning about programming (python, c, js, etc) and how much of it is theory. If anyone knows please let me know thank you!\r\n\r\n",
  "image": null,
  "date": "4/5/2024, 4:09:59 AM",
  "up": 0,
  "down": 0,
  "edited": true
},
{
  "_id": {
    "$oid": "660f09ae11c714f300d34a00"
  },
  "uid": {
    "$oid": "660f081c3bc4ac4e6844e429"
  },
  "cid": [
    {
      "$oid": "6609076be6eebfd300780c28"
    }
  ],
  "hidden": false,
  "title": "oh please...",
  "text": "#cybermaterial #cybersecurity #infosec #meme #cybersecuritymemes #fun #meme #jokes #iot #security\r\n",
  "image": "https://preview.redd.it/wjk5xiratc0a1.png?width=905&format=png&auto=webp&s=1ff8c7ec42655b6bcc5e8dea312e8014ad622e0c",
  "date": "4/5/2024, 4:12:30 AM",
  "up": 0,
  "down": 0
},
{
  "_id": {
    "$oid": "660f0a4f11c714f300d34a81"
  },
  "uid": {
    "$oid": "660f09ec11c714f300d34a22"
  },
  "cid": [
    {
      "$oid": "6609076be6eebfd300780c28"
    }
  ],
  "hidden": false,
  "title": "Those scammers, at it again",
  "text": "",
  "image": "https://i.redd.it/rv71kzf1xrhc1.jpeg",
  "date": "4/5/2024, 4:15:11 AM",
  "up": 0,
  "down": 0
},
{
  "_id": {
    "$oid": "660f0a8311c714f300d34a99"
  },
  "uid": {
    "$oid": "660f09ec11c714f300d34a22"
  },
  "cid": [
    {
      "$oid": "6609076be6eebfd300780c28"
    }
  ],
  "hidden": false,
  "title": "I promise your CEO didn’t text you",
  "text": "I promise...",
  "image": "https://i.redd.it/t18anumitlfc1.jpeg",
  "date": "4/5/2024, 4:16:03 AM",
  "up": 0,
  "down": 0
},
{
  "_id": {
    "$oid": "660f0ac111c714f300d34ab1"
  },
  "uid": {
    "$oid": "660f09ec11c714f300d34a22"
  },
  "cid": [
    {
      "$oid": "6609076be6eebfd300780c28"
    }
  ],
  "hidden": false,
  "title": "If only my talents and morals aligned",
  "text": "If only...",
  "image": "https://i.redd.it/kr0kxqfz6mdc1.jpeg",
  "date": "4/5/2024, 4:17:05 AM",
  "up": 0,
  "down": 0
},
{
  "_id": {
    "$oid": "660f0ae611c714f300d34ade"
  },
  "uid": {
    "$oid": "660f09ec11c714f300d34a22"
  },
  "cid": [
    {
      "$oid": "6609076be6eebfd300780c28"
    }
  ],
  "hidden": true,
  "title": "lol",
  "text": "lol",
  "image": null,
  "date": "4/5/2024, 4:17:42 AM",
  "up": 0,
  "down": 0
},
{
  "_id": {
    "$oid": "660f0bf211c714f300d34b71"
  },
  "uid": {
    "$oid": "660f0bb711c714f300d34b50"
  },
  "cid": [
    {
      "$oid": "6609076be6eebfd300780c24"
    },
    {
      "$oid": "6609076be6eebfd300780c27"
    }
  ],
  "hidden": false,
  "title": "Digital forensics investigator vs Incident Investigators",
  "text": "Should they be lumped together? When hiring, do you guys look for people with both skills or do you focus on specific skillsets in said areas? For pragmatic and development purposes, some might prefer a jack of all trades. Albeit in an actual incident, if urgency were a factor, would it still be the case ? Their objectives quite different in that one focuses on attribution, the other on containment aspects. Happy to hear some thoughts 💭 🙏😌\r\n\r\n",
  "image": null,
  "date": "4/5/2024, 4:22:10 AM",
  "up": 0,
  "down": 0
},
{
  "_id": {
    "$oid": "660f0c5011c714f300d34bd1"
  },
  "uid": {
    "$oid": "660f0bb711c714f300d34b50"
  },
  "cid": [
    {
      "$oid": "6609076be6eebfd300780c25"
    }
  ],
  "hidden": false,
  "title": "What’s the hard truth about cyber???",
  "text": "After researching Cyber for months it’s become increasingly clear that it’s not beginner friendly! Jobs are very scarce for entry level too a point almost impossible. Salaries are lackluster and take time to get to the 6 figure average. So why do so many still recommend the field? As a current undergrad it’s sort of off putting. I’ve always wanted to do a Masters and PhD later in life to become a professor but I’ve heard those degrees are rather worthless in Cyber. Off topic: Would something such as Data Science be better suited?\r\n\r\n",
  "image": null,
  "date": "4/5/2024, 4:23:44 AM",
  "up": 0,
  "down": 0,
  "edited": true
},
{
  "_id": {
    "$oid": "660f0c8211c714f300d34c22"
  },
  "uid": {
    "$oid": "660f0bb711c714f300d34b50"
  },
  "cid": [
    {
      "$oid": "6609076be6eebfd300780c28"
    }
  ],
  "hidden": false,
  "title": "\"Entry Level Cybersecurity role\"",
  "text": "",
  "image": "https://preview.redd.it/kiq4nz575qx91.png?width=640&crop=smart&auto=webp&s=f62dcddd2caced9e23749b2ff621a0c585fde374",
  "date": "4/5/2024, 4:24:34 AM",
  "up": 0,
  "down": 0
},
{
  "_id": {
    "$oid": "660f0d0d11c714f300d34cdc"
  },
  "uid": {
    "$oid": "660f0cbb11c714f300d34c74"
  },
  "cid": [
    {
      "$oid": "6609076be6eebfd300780c25"
    }
  ],
  "hidden": false,
  "title": "Passed the CISA!",
  "text": "",
  "image": "https://preview.redd.it/5q3bdiwe5m5b1.jpg?width=640&crop=smart&auto=webp&s=4f6c53b78f53b9103ce8171476d8809e3c6f5e7b",
  "date": "4/5/2024, 4:26:53 AM",
  "up": 250,
  "down": 0
},
{
  "_id": {
    "$oid": "660f0d2911c714f300d34cf4"
  },
  "uid": {
    "$oid": "660f0cbb11c714f300d34c74"
  },
  "cid": [
    {
      "$oid": "6609076be6eebfd300780c26"
    }
  ],
  "hidden": false,
  "title": "Zoom Zero Day Exploit Found",
  "text": "Pretty crazy stuff. If you’re running Zoom’s Mac client in your environments or on your workstation you’re going to want to update. Even then, apparently there are still holes. https://medium.com/@jonathan.leitschuh/zoom-zero-day-4-million-webcams-maybe-an-rce-just-get-them-to-visit-your-website-ac75c83f4ef5\r\n\r\n",
  "image": null,
  "date": "4/5/2024, 4:27:21 AM",
  "up": 350,
  "down": 10
},
{
  "_id": {
    "$oid": "660f0df511c714f300d34d7a"
  },
  "uid": {
    "$oid": "660f0cbb11c714f300d34c74"
  },
  "cid": [
    {
      "$oid": "6609076be6eebfd300780c26"
    }
  ],
  "hidden": false,
  "title": "Why can't I get John the Ripper to crack long passwords in single mode?",
  "text": "Dunno what I'm doing wrong here. I can crack passwords in single mode only if they are 5 char or less. If I go over this, john won't be able to crack them in single. Right now I'm trying to crack WHATdoesTHEFOXsay? in md5 with single mode. the .txt file I'm having john target is 'whatdoesthefoxsay:ed230abb817b7495af79509f5e70604a'. It can't crack this though. Is there a rule I need to be using here to make this work?\r\n\r\n",
  "image": null,
  "date": "4/5/2024, 4:30:45 AM",
  "up": 200,
  "down": 200
},
{
  "_id": {
    "$oid": "660f0efa11c714f300d34e89"
  },
  "uid": {
    "$oid": "660f0ee911c714f300d34e6a"
  },
  "cid": [
    {
      "$oid": "6609076be6eebfd300780c25"
    },
    {
      "$oid": "6609076be6eebfd300780c27"
    }
  ],
  "hidden": false,
  "title": "How to get into Cyber Security for All! Pathways in Cybersecurity and how to get into them.",
  "text": "Hey guys, I have created a website https://www.ackcyber.com to help individuals get into Cyber Security. On the website are different pathways as well as the jobs within each pathway and the best way to train for them e.g Simulated Labs and courses to complete. This also includes the most popular threats and tells you all about them. It would be great if you could check this out and if you know people who are interesting in cyber security send them our way. I am constantly updating it to help people the best I can because i know how tedious it can be for people who want to start but don't know how. Let me know what you think!! Ty\r\n\r\n",
  "image": null,
  "date": "4/5/2024, 4:35:06 AM",
  "up": 0,
  "down": 0
},
{
  "_id": {
    "$oid": "660f0f6911c714f300d34efd"
  },
  "uid": {
    "$oid": "660f0ee911c714f300d34e6a"
  },
  "cid": [
    {
      "$oid": "6609076be6eebfd300780c28"
    }
  ],
  "hidden": false,
  "title": "cyberSecurityExpert",
  "text": "",
  "image": "https://preview.redd.it/qy48wynd9vpb1.jpg?width=640&crop=smart&auto=webp&s=327193ec2e77e0fc521db15f2d535bb2e0bd66b1",
  "date": "4/5/2024, 4:36:57 AM",
  "up": 1733,
  "down": 24
},
{
  "_id": {
    "$oid": "660f0f7611c714f300d34f15"
  },
  "uid": {
    "$oid": "660f0ee911c714f300d34e6a"
  },
  "cid": [
    {
      "$oid": "6609076be6eebfd300780c25"
    },
    {
      "$oid": "6609076be6eebfd300780c28"
    }
  ],
  "hidden": false,
  "title": "State of CyberSecurity",
  "text": "Cybersecurity #1: We need more people to fill jobs. Where are they? Cybersecurity #2: Sorry, not you. We can only hire you if you have CISSP and 10 years of experience.\r\n\r\n",
  "image": null,
  "date": "4/5/2024, 4:37:10 AM",
  "up": 0,
  "down": 0,
  "edited": true
}]