[{
  "_id": {
    "$oid": "660f08c511c714f300d348ed"
  },
  "pid": {
    "$oid": "660f08693bc4ac4e6844e4bd"
  },
  "comment": [
    {
      "uid": {
        "$oid": "660f081c3bc4ac4e6844e429"
      },
      "text": "lollll",
      "up": 0,
      "down": 0,
      "reply": []
    }
  ]
},
{
  "_id": {
    "$oid": "660f0e1011c714f300d34df3"
  },
  "pid": {
    "$oid": "660f0c8211c714f300d34c22"
  },
  "comment": [
    {
      "uid": {
        "$oid": "660f0cbb11c714f300d34c74"
      },
      "text": "HAHAHAHAHAHAHA REAL",
      "up": 0,
      "down": 0,
      "reply": [
        {
          "uid": {
            "$oid": "660f0cbb11c714f300d34c74"
          },
          "text": "LOL",
          "up": 0,
          "down": 0
        }
      ]
    }
  ]
},
{
  "_id": {
    "$oid": "660f100111c714f300d3502b"
  },
  "pid": {
    "$oid": "660f0df511c714f300d34d7a"
  },
  "comment": [
    {
      "uid": {
        "$oid": "660f0ee911c714f300d34e6a"
      },
      "text": "Skill issue...",
      "up": 0,
      "down": 0,
      "reply": []
    }
  ]
},
{
  "_id": {
    "$oid": "660f113e110c3bedaa48bddc"
  },
  "pid": {
    "$oid": "660f0d0d11c714f300d34cdc"
  },
  "comment": [
    {
      "uid": {
        "$oid": "660f0bb711c714f300d34b50"
      },
      "text": "Congrats!!!",
      "up": 0,
      "down": 0,
      "reply": []
    }
  ]
},
{
  "_id": {
    "$oid": "660f116a110c3bedaa48be5b"
  },
  "pid": {
    "$oid": "660f0ac111c714f300d34ab1"
  },
  "comment": [
    {
      "uid": {
        "$oid": "660f081c3bc4ac4e6844e429"
      },
      "text": "ayt bet",
      "up": 0,
      "down": 0,
      "reply": []
    }
  ]
}]