[{"pid":"cv2WMdAS5YjBrh9", "title":"What is your experience with being a digital forensic investigator?", "text":"I'm currently looking into this line of work and I wanted to know what it's like. I've seen some people have bad experiences while others recommend this job.", "image":"", "date":"10/02/2024", "up":"564", "down":"64", "user":{"uid":"EAVHPBHDElfB4so", "username":"g4n6", "name":"Gio Ascan", "bio":"We think outside the box, but we’re still inside the internet.", "pfp":"https://wallpapercave.com/wp/wp8218764.jpg", "posts":"5"}, "tag":[{"cid":"QxFk05xcZr0PCOS", "community_name":"Digital Forensics", "color":"gray", "image":"https://powerhouseforensics.com/wp-content/uploads/bb-plugin/cache/computer-forensics21-square-d8cb337ef0cda52aebef96400ba1db97-axu28rd1nq34.jpg"}]},

{"pid":"clTNulwfUz7jlIZ", "title":"Info security course", "text":"I was wondering how much of the course is actually learning about programming (python, c, js, etc) and how much of it is theory. If anyone knows please let me know thank you!", "image":"", "date":"10/03/2024", "up":"500", "down":"5", "user":{"uid":"5js8sYXr8vrc3Wg", "username":"Pikasaur", "name":"Jerome Gutierrez", "bio":"I only played pokemon Ruby", "pfp":"https://img.artpal.com/95405/2-15-9-21-14-45-47m.jpg", "posts":"5"}, "tag":[{"cid":"iQKD1GQ9JwDPUJ1", "community_name":"Information Securty", "color":"green", "image":"https://gliff.ai/wp-content/uploads/2022/01/cyber-security-g09fa3df31_1920-square-1024x1024.jpg"}]},

{"pid":"Sd0pPKXtTwdzduI", "title":"Reported a big data breach and this was the response...", "text":"So, I feel like I have ended up in a bizarre Hollywood movie. I recently discovered that we are using a totally unsecured url(well it is https...) to query the SQL db with customers.. Certainly a gold mine for scammers. As I already knew immediately that this was big I requested a meeting with my manager and explained it. These managers have 0 knowlegde of IT and security. Aside from this it involves two other companies, one of which is a major global financial player. My manager just got back to me reiterating nothing is wrong with the following statement he received when he called the supplier and origin of the breach:\nThe concerned URL is contained in a document and protected with a password and not allowed to be shared outside of the organization.\nAlso, as the URL is not \"findable in search engines\", there is no issue.\n\n.....🙄\n\nI'm kind of at a loss of words here and don't even know how to respond to this...", "image":"", "date":"11/6/2024", "up":"4", "down":"999", "user":{"uid":"HXYJnB412ASuDyw","username":"Naz", "name":"Keinaz Domingo ", "bio":"Too lazy for a bio", "pfp":"https://cdn.vectorstock.com/i/preview-1x/77/70/handyman-monkey-wrench-circle-cartoon-vector-9967770.jpg", "posts":"5"}, "tag":[{"cid":"vXFVwuseXhl2blf", "community_name":"Blue Team", "color":"blue", "image":"https://assets.tryhackme.com/img/paths/SOCL1-square.png"}]},

{"pid":"uy1wWxe8obqts99", "title":"#cybermaterial #cybersecurity #infosec #meme #cybersecuritymemes #fun #meme #jokes #iot #security", "text":"", "image":"https://preview.redd.it/wjk5xiratc0a1.png?width=905&format=png&auto=webp&s=1ff8c7ec42655b6bcc5e8dea312e8014ad622e0c", "date":"01/01/2077", "up":"123", "down":"32", "user":{"uid":"tH1kGQJ86FNuwhY","username":"Cybersec Memes", "name":"Ryan Giran ", "bio":"I am unironically a mod. Pls DM me", "pfp":"https://f8n-production.s3.amazonaws.com/creators/profile/lg4xls4wg-pepeft-jpg-jxc37f.jpg", "posts":"5"}, "tag":[{"cid":"mlwLkEJgeCfBVLA", "community_name":"Memes", "color":"purple", "image":"https://static01.nyt.com/images/2021/04/30/multimedia/30xp-meme/29xp-meme-mediumSquareAt3X-v5.jpg"}]},

{"pid":"EvsBudY7nzRAK2T", "title":"need help with Information Security", "text":"I recently received the acceptance into Information Security and am really excited, but nervous at the same time cause I have read online on how difficult it is for many people. Any ways on how to prepare beforehand (languages, example coding problems, previous study materials, etc)? Thanks so much!", "image":"https://media1.tenor.com/m/tevbXx2VEdEAAAAd/help-help-kenan-thompson.gif", "date":"01/01/2077", "up":"231", "down":"12", "user":{"uid":"7dsr5cvIxZnklRW","username":"drnelp", "name":"Marnel Peradilla ", "bio":"Why are oranges called oranges, but apples aren't called red?", "pfp":"https://pyxis.nymag.com/v1/imgs/d6a/dc7/4a5001b7beea096457f480c8808572428b-09-roll-safe.rsquare.w400.jpg", "posts":"5"}, "tag":[{"cid":"iQKD1GQ9JwDPUJ1", "community_name":"Information Securty", "color":"green", "image":"https://gliff.ai/wp-content/uploads/2022/01/cyber-security-g09fa3df31_1920-square-1024x1024.jpg"}, {"cid":"ckVIxXt49z0AMEI", "community_name":"Red Team", "color":"red", "image":"https://assets.tryhackme.com/img/paths/redteaming-square.png"}]},

{"pid":"eQ4GVpDpADOZI6S", "title":"Kali Linux", "text":"", "image":"https://i.redd.it/kali-linux-v0-g63khc0amo5a1.png?s=5242c7afe09d55a041a308460121bf5a90c7be98", "date":"05/11/2024", "up":"367", "down":"43", "user":{"uid":"EAVHPBHDElfB4so", "username":"g4n6", "name":"Gio Ascan", "bio":"We think outside the box, but we’re still inside the internet.", "pfp":"https://wallpapercave.com/wp/wp8218764.jpg", "posts":"5"}, "tag":[{"cid":"mlwLkEJgeCfBVLA", "community_name":"Memes", "color":"purple", "image":"https://static01.nyt.com/images/2021/04/30/multimedia/30xp-meme/29xp-meme-mediumSquareAt3X-v5.jpg"}]},

{"pid":"uOif7k7obe0tg2r", "title":"Zoom Zero Day Exploit Found", "text":"Pretty crazy stuff. If you’re running Zoom’s Mac client in your environments or on your workstation you’re going to want to update. Even then, apparently there are still holes.\n https://medium.com/@jonathan.leitschuh/zoom-zero-day-4-million-webcams-maybe-an-rce-just-get-them-to-visit-your-website-ac75c83f4ef5", "image":"", "date":"03/23/2025", "up":"754", "down":"10", "user":{"uid":"EAVHPBHDElfB4so", "username":"g4n6", "name":"Gio Ascan", "bio":"We think outside the box, but we’re still inside the internet.", "pfp":"https://wallpapercave.com/wp/wp8218764.jpg", "posts":"5"}, "tag":[{"cid":"ckVIxXt49z0AMEI", "community_name":"Red Team", "color":"red", "image":"https://assets.tryhackme.com/img/paths/redteaming-square.png"}]},

{"pid":"HbdhQtM1ld3yYkj", "title":"[Tutorial] Netcat for Beginners", "text":"Hello,\n\nI recently wrote a tutorial about using netcat. I'd be open for any comments, suggestions or general feedback about it.\n\nhttp://www.dillonhale.com/index.php/blog/information-security/netcat-tutorial-beginners/\n\nThank you", "image":"", "date":"04/02/2019", "up":"111", "down":"23", "user":{"uid":"EAVHPBHDElfB4so", "username":"g4n6", "name":"Gio Ascan", "bio":"We think outside the box, but we’re still inside the internet.", "pfp":"https://wallpapercave.com/wp/wp8218764.jpg", "posts":"5"}, "tag":[{"cid":"ckVIxXt49z0AMEI", "community_name":"Red Team", "color":"red", "image":"https://assets.tryhackme.com/img/paths/redteaming-square.png"}]},

{"pid":"3w3O9Ab384IYjHV", "title":"PyPhisher a must use phishing tool. Super easy for beginners", "text":"Github Repo- https://github.com/KasRoudra/PyPhisher\n\nUse it for educational purpose only. Don't use it without consent.", "image":"https://preview.redd.it/bnypsps6tlc91.gif?width=799&auto=webp&s=9f20ef7d9d33b285d93607fc071fc81e7347bdc6", "date":"12/12/2012", "up":"886", "down":"532", "user":{"uid":"EAVHPBHDElfB4so", "username":"g4n6", "name":"Gio Ascan", "bio":"We think outside the box, but we’re still inside the internet.", "pfp":"https://wallpapercave.com/wp/wp8218764.jpg", "posts":"5"}, "tag":[{"cid":"QxFk05xcZr0PCOS", "community_name":"Digital Forensics", "color":"gray", "image":"https://powerhouseforensics.com/wp-content/uploads/bb-plugin/cache/computer-forensics21-square-d8cb337ef0cda52aebef96400ba1db97-axu28rd1nq34.jpg"}]}]

