[
{
"pid":"cv2WMdAS5YjBrh9",
"comment": [
        {   "uid":"EAVHPBHDElfB4so",
            "text":"To be or to not to be Spiderman 2099",
            "up":"212",
            "down":"15",
            "reply": [
                {"uid":"5js8sYXr8vrc3Wg",
                "text":"LETS GOOO!!!",
                "up":"25",
                "down":"2"},

                {"uid":"7dsr5cvIxZnklRW",
                "text":"Awesome!",
                "up":"55",
                "down":"6"},

                {"uid":"5js8sYXr8vrc3Wg",
                "text":"LETS GOOO!!!",
                "up":"25",
                "down":"2"},

                {"uid":"7dsr5cvIxZnklRW",
                "text":"Awesome!",
                "up":"55",
                "down":"6"}
            ]   
        },

        {   "uid":"5js8sYXr8vrc3Wg",
            "text":"Time to download Spiderman 2099",
            "up":"111",
            "down":"10",
            "reply": [
                {"uid":"HXYJnB412ASuDyw",
                "text":"XDD",
                "up":"12",
                "down":"1"}
            ]  
        },

        {   "uid":"5js8sYXr8vrc3Wg",
        "text":"Time to download Spiderman 2099",
        "up":"111",
        "down":"10",
        "reply": [
            {"uid":"HXYJnB412ASuDyw",
            "text":"XDD",
            "up":"12",
            "down":"1"}
        ]  
    }
    ]
}
]