[{
  "_id": {
    "$oid": "660f081c3bc4ac4e6844e429"
  },
  "username": "g4n6",
  "name": "Gio Ascan",
  "bio": "We think outside the box, but we’re still inside the internet.",
  "pfp": "https://wallpapercave.com/wp/wp8218764.jpg",
  "password": "$2b$10$GcovhsHmY/fus8HIS53lSuBbOhwy4ldjurTwvLKhoUUbf1kRyn9Km",
  "friends": [],
  "bookmarks": []
},
{
  "_id": {
    "$oid": "660f09ec11c714f300d34a22"
  },
  "username": "Cybersec Memes",
  "name": "Ryan Giran",
  "bio": "I make cybersecurity memes. Isn't it obvious?",
  "pfp": "https://f8n-production.s3.amazonaws.com/creators/profile/lg4xls4wg-pepeft-jpg-jxc37f.jpg",
  "password": "$2b$10$frY8qNjbDj/EOhKzIorYbuKOCXMSX2L6AiQdbajtUgGjvwhhDM4wu",
  "friends": [],
  "bookmarks": []
},
{
  "_id": {
    "$oid": "660f0bb711c714f300d34b50"
  },
  "username": "Pikasaur",
  "name": "Jerome Gutierrez",
  "bio": "Yapping about cybersec everyday",
  "pfp": "https://img.artpal.com/95405/2-15-9-21-14-45-47m.jpg",
  "password": "$2b$10$jyEYKy6h/aUzUpfxwzGjueCl2UDtkAJ8L0TB4PBRQm57SsiDnLmpG",
  "friends": [],
  "bookmarks": []
},
{
  "_id": {
    "$oid": "660f0cbb11c714f300d34c74"
  },
  "username": "drnelp",
  "name": "Marnel Peradilla",
  "bio": "The only way up is down.",
  "pfp": "https://pyxis.nymag.com/v1/imgs/d6a/dc7/4a5001b7beea096457f480c8808572428b-09-roll-safe.rsquare.w400.jpg",
  "password": "$2b$10$etf4.xho6wTDAmaoJBk5L.9OtNAfPGgvjt3PzQ31cvw7AAvCywgC2",
  "friends": [],
  "bookmarks": []
},
{
  "_id": {
    "$oid": "660f0ee911c714f300d34e6a"
  },
  "username": "Naz",
  "name": "Keinaz Domingo",
  "bio": "bob the builder ah picture lol",
  "pfp": "https://cdn.vectorstock.com/i/preview-1x/77/70/handyman-monkey-wrench-circle-cartoon-vector-9967770.jpg",
  "password": "$2b$10$.Px53Y6VSBQTlCgcHyOE3OPn5A9m4KiEYhhhdUx2M8W7FrIFjwmaK",
  "friends": [
    {
      "$oid": "660f0cbb11c714f300d34c74"
    }
  ],
  "bookmarks": [
    {
      "$oid": "660f0f7611c714f300d34f15"
    }
  ]
}]