[{
  "_id": {
    "$oid": "6609076be6eebfd300780c24"
  },
  "community_name": "Digital Forensics",
  "color": "gray",
  "image": "https://powerhouseforensics.com/wp-content/uploads/bb-plugin/cache/computer-forensics21-square-d8cb337ef0cda52aebef96400ba1db97-axu28rd1nq34.jpg"
},
{
  "_id": {
    "$oid": "6609076be6eebfd300780c25"
  },
  "community_name": "Information Securty",
  "color": "green",
  "image": "https://gliff.ai/wp-content/uploads/2022/01/cyber-security-g09fa3df31_1920-square-1024x1024.jpg"
},
{
  "_id": {
    "$oid": "6609076be6eebfd300780c26"
  },
  "community_name": "Red Team",
  "color": "red",
  "image": "https://assets.tryhackme.com/img/paths/redteaming-square.png"
},
{
  "_id": {
    "$oid": "6609076be6eebfd300780c27"
  },
  "community_name": "Blue Team",
  "color": "blue",
  "image": "https://assets.tryhackme.com/img/paths/SOCL1-square.png"
},
{
  "_id": {
    "$oid": "6609076be6eebfd300780c28"
  },
  "community_name": "Memes",
  "color": "purple",
  "image": "https://static01.nyt.com/images/2021/04/30/multimedia/30xp-meme/29xp-meme-mediumSquareAt3X-v5.jpg"
}]