[{
  "_id": {
    "$oid": "660915a2e6eebfd300780cd0"
  },
  "pid": {
    "$oid": "66091156e6eebfd300780cad"
  },
  "comment": [
    {
      "uid": {
        "$oid": "66090762e6eebfd300780c1c"
      },
      "text": "To be or to not to be Spiderman 2099",
      "up": "212",
      "down": "15",
      "reply": [
        {
          "uid": {
            "$oid": "66090762e6eebfd300780c1d"
          },
          "text": "LETS GOOO!!!",
          "up": "25",
          "down": "2"
        },
        {
          "uid": {
            "$oid": "66090762e6eebfd300780c20"
          },
          "text": "Awesome!",
          "up": "55",
          "down": "6"
        },
        {
          "uid": {
            "$oid": "66090762e6eebfd300780c1d"
          },
          "text": "LETS GOOO!!!",
          "up": "25",
          "down": "2"
        },
        {
          "uid": {
            "$oid": "66090762e6eebfd300780c20"
          },
          "text": "Awesome!",
          "up": "55",
          "down": "6"
        }
      ]
    },
    {
      "uid": {
        "$oid": "66090762e6eebfd300780c1d"
      },
      "text": "Time to download Spiderman 2099",
      "up": "111",
      "down": "10",
      "reply": [
        {
          "uid": {
            "$oid": "66090762e6eebfd300780c1e"
          },
          "text": "XDD",
          "up": "12",
          "down": "1"
        }
      ]
    },
    {
      "uid": {
        "$oid": "66090762e6eebfd300780c1d"
      },
      "text": "Time to download Spiderman 2099",
      "up": "111",
      "down": "10",
      "reply": [
        {
          "uid": {
            "$oid": "66090762e6eebfd300780c1e"
          },
          "text": "XDD",
          "up": "12",
          "down": "1"
        }
      ]
    }
  ]
},
{
  "_id": {
    "$oid": "660915a2e6eebfd300780cd1"
  },
  "pid": {
    "$oid": "66091156e6eebfd300780cae"
  },
  "comment": [
    {
      "uid": {
        "$oid": "66090762e6eebfd300780c20"
      },
      "text": "Theory will only take you so far",
      "up": "0",
      "down": "999",
      "reply": [
        {
          "uid": {
            "$oid": "66090762e6eebfd300780c1d"
          },
          "text": "This is not helpful at all",
          "up": "25",
          "down": "1"
        },
        {
          "uid": {
            "$oid": "66090762e6eebfd300780c1e"
          },
          "text": "Bro thinks hes oppenheimer",
          "up": "35",
          "down": "0"
        }
      ]
    },
    {
      "uid": {
        "$oid": "66090762e6eebfd300780c1f"
      },
      "text": "Got no proof but its 85% programming and 15% theory",
      "up": "115",
      "down": "10",
      "reply": [
        {
          "uid": {
            "$oid": "66090762e6eebfd300780c1f"
          },
          "text": "Thank you very much!",
          "up": "12",
          "down": "0"
        }
      ]
    }
  ]
},
{
  "_id": {
    "$oid": "660915a2e6eebfd300780cd2"
  },
  "pid": {
    "$oid": "66091156e6eebfd300780caf"
  },
  "comment": [
    {
      "uid": {
        "$oid": "66090762e6eebfd300780c1c"
      },
      "text": "Are you trolling???",
      "up": "12",
      "down": "10",
      "reply": []
    },
    {
      "uid": {
        "$oid": "66090762e6eebfd300780c20"
      },
      "text": "I AINT READING ALLAT!!!",
      "up": "99",
      "down": "5",
      "reply": [
        {
          "uid": {
            "$oid": "66090762e6eebfd300780c1e"
          },
          "text": "Please read it :<",
          "up": "5",
          "down": "12"
        }
      ]
    }
  ]
},
{
  "_id": {
    "$oid": "660915a2e6eebfd300780cd3"
  },
  "pid": {
    "$oid": "66091156e6eebfd300780cb0"
  },
  "comment": [
    {
      "uid": {
        "$oid": "66090762e6eebfd300780c1c"
      },
      "text": "REAL!!!",
      "up": "512",
      "down": "15",
      "reply": [
        {
          "uid": {
            "$oid": "66090762e6eebfd300780c1d"
          },
          "text": "thats funny lol",
          "up": "33",
          "down": "1"
        },
        {
          "uid": {
            "$oid": "66090762e6eebfd300780c20"
          },
          "text": "glad you find it funny",
          "up": "55",
          "down": "6"
        }
      ]
    },
    {
      "uid": {
        "$oid": "66090762e6eebfd300780c1c"
      },
      "text": "What can you do, they really need to do something about it!",
      "up": "53",
      "down": "10",
      "reply": [
        {
          "uid": {
            "$oid": "66090762e6eebfd300780c20"
          },
          "text": "Do you have any ideas?",
          "up": "12",
          "down": "1"
        }
      ]
    },
    {
      "uid": {
        "$oid": "66090762e6eebfd300780c20"
      },
      "text": "Please check out my profile for more funny memes :D",
      "up": "1",
      "down": "10",
      "reply": []
    }
  ]
},
{
  "_id": {
    "$oid": "660915a2e6eebfd300780cd4"
  },
  "pid": {
    "$oid": "66091156e6eebfd300780cb2"
  },
  "comment": [
    {
      "uid": {
        "$oid": "66090762e6eebfd300780c1f"
      },
      "text": "Guys I srsly need help!!!",
      "up": "212",
      "down": "15",
      "reply": [
        {
          "uid": {
            "$oid": "66090762e6eebfd300780c20"
          },
          "text": "Call the cyberpolice!",
          "up": "222",
          "down": "2"
        },
        {
          "uid": {
            "$oid": "66090762e6eebfd300780c1f"
          },
          "text": "How do I call them?",
          "up": "164",
          "down": "6"
        },
        {
          "uid": {
            "$oid": "66090762e6eebfd300780c1c"
          },
          "text": "He is trolling you",
          "up": "153",
          "down": "2"
        },
        {
          "uid": {
            "$oid": "66090762e6eebfd300780c20"
          },
          "text": "XDDDD",
          "up": "55",
          "down": "6"
        }
      ]
    },
    {
      "uid": {
        "$oid": "66090762e6eebfd300780c1c"
      },
      "text": "Best to ask stackoverflow bro",
      "up": "53",
      "down": "10",
      "reply": [
        {
          "uid": {
            "$oid": "66090762e6eebfd300780c1f"
          },
          "text": "I already did but they told me to check that forum from 9 years ago and then downvoted me",
          "up": "99",
          "down": "1"
        },
        {
          "uid": {
            "$oid": "66090762e6eebfd300780c1c"
          },
          "text": "Classic",
          "up": "32",
          "down": "1"
        }
      ]
    },
    {
      "uid": {
        "$oid": "66090762e6eebfd300780c20"
      },
      "text": "Its 2024 just ask chat GPT",
      "up": "11",
      "down": "10",
      "reply": [
        {
          "uid": {
            "$oid": "66090762e6eebfd300780c1f"
          },
          "text": "I'll make an account right now",
          "up": "12",
          "down": "1"
        }
      ]
    }
  ]
}]