[{"cid":"QxFk05xcZr0PCOS",
"community_name":"Digital Forensics",
"color":"gray",
"image":"https://powerhouseforensics.com/wp-content/uploads/bb-plugin/cache/computer-forensics21-square-d8cb337ef0cda52aebef96400ba1db97-axu28rd1nq34.jpg", "url":"index df.html"},

{"cid":"iQKD1GQ9JwDPUJ1",
"community_name":"Information Securty",
"color":"green",
"image":"https://gliff.ai/wp-content/uploads/2022/01/cyber-security-g09fa3df31_1920-square-1024x1024.jpg",
"url":"index isec.html"},

{"cid":"ckVIxXt49z0AMEI",
"community_name":"Red Team",
"color":"red",
"image":"https://assets.tryhackme.com/img/paths/redteaming-square.png",
"url":"index redt.html"},

{"cid":"vXFVwuseXhl2blf",
"community_name":"Blue Team",
"color":"blue",
"image":"https://assets.tryhackme.com/img/paths/SOCL1-square.png",
"url":"index bluet.html"},

{"cid":"mlwLkEJgeCfBVLA",
"community_name":"Memes",
"color":"purple",
"image":"https://static01.nyt.com/images/2021/04/30/multimedia/30xp-meme/29xp-meme-mediumSquareAt3X-v5.jpg",
"url":"index memes.html"}]