[{"community_name":"Digital Forensics", "image":"https://powerhouseforensics.com/wp-content/uploads/bb-plugin/cache/computer-forensics21-square-d8cb337ef0cda52aebef96400ba1db97-axu28rd1nq34.jpg", "url":"index df.html"},{"community_name":"Information Securty", "image":"https://gliff.ai/wp-content/uploads/2022/01/cyber-security-g09fa3df31_1920-square-1024x1024.jpg", "url":"index isec.html"},{"community_name":"Red Team", "image":"https://assets.tryhackme.com/img/paths/redteaming-square.png", "url":"index redt.html"},{"community_name":"Blue Team", "image":"https://assets.tryhackme.com/img/paths/SOCL1-square.png", "url":"index bluet.html"},{"community_name":"Memes", "image":"https://static01.nyt.com/images/2021/04/30/multimedia/30xp-meme/29xp-meme-mediumSquareAt3X-v5.jpg", "url":"index memes.html"}]