[{"title":"What is your experience with being a digital forensic investigator?", "text":"I'm currently looking into this line of work and I wanted to know what it's like. I've seen some people have bad experiences while others recommend this job.", "image":"", "date":"10/02/2024", "url":"post1gio_expdigforensic_df.html", "user":{"username":"g4n6", "name":"Gio Ascan", "bio":"We think outside the box, but we’re still inside the internet.", "image":"https://wallpapercave.com/wp/wp8218764.jpg", "url":"view-profile-gioascan_1.html", "posts":"5"}, "tag":[{"community_name":"Digital Forensics", "image":"https://powerhouseforensics.com/wp-content/uploads/bb-plugin/cache/computer-forensics21-square-d8cb337ef0cda52aebef96400ba1db97-axu28rd1nq34.jpg", "url":"index df.html"}]},

{"title":"Info security course", "text":"I was wondering how much of the course is actually learning about programming (python, c, js, etc) and how much of it is theory. If anyone knows please let me know thank you!", "image":"", "date":"10/03/2024", "url":"post6jguit_infoseccourse_isec.html", "user":{"username":"Pikasaur", "name":"Jerome Gutierrez", "bio":"I only played pokemon Ruby", "image":"https://img.artpal.com/95405/2-15-9-21-14-45-47m.jpg", "url":"view-profile-jeromeguit_2.html", "posts":"5"}, "tag":[{"community_name":"Information Securty", "image":"https://gliff.ai/wp-content/uploads/2022/01/cyber-security-g09fa3df31_1920-square-1024x1024.jpg", "url":"index isec.html"}]},

{"title":"Reported a big data breach and this was the response...", "text":"So, I feel like I have ended up in a bizarre Hollywood movie. I recently discovered that we are using a totally unsecured url(well it is https...) to query the SQL db with customers.. Certainly a gold mine for scammers. As I already knew immediately that this was big I requested a meeting with my manager and explained it. These managers have 0 knowlegde of IT and security. Aside from this it involves two other companies, one of which is a major global financial player. My manager just got back to me reiterating nothing is wrong with the following statement he received when he called the supplier and origin of the breach:\nThe concerned URL is contained in a document and protected with a password and not allowed to be shared outside of the organization.\nAlso, as the URL is not \"findable in search engines\", there is no issue.\n\n.....🙄\n\nI'm kind of at a loss of words here and don't even know how to respond to this...", "image":"", "date":"11/6/2024", "url":"post11kdomingo_databreach_bluet.html", "user":{"username":"Naz", "name":"Keinaz Domingo ", "bio":"Too lazy for a bio", "image":"https://cdn.vectorstock.com/i/preview-1x/77/70/handyman-monkey-wrench-circle-cartoon-vector-9967770.jpg", "url":"view-profile-kdomingo_3.html", "posts":"5"}, "tag":[{"community_name":"Blue Team", "image":"https://assets.tryhackme.com/img/paths/SOCL1-square.png", "url":"index bluet.html"}]},

{"title":"#cybermaterial #cybersecurity #infosec #meme #cybersecuritymemes #fun #meme #jokes #iot #security", "text":"", "image":"https://preview.redd.it/wjk5xiratc0a1.png?width=905&format=png&auto=webp&s=1ff8c7ec42655b6bcc5e8dea312e8014ad622e0c", "date":"01/01/2077", "url":"post16ryang_hashtags_memes.html", "user":{"username":"Cybersec Memes", "name":"Ryan Giran ", "bio":"I am unironically a mod. Pls DM me", "image":"https://f8n-production.s3.amazonaws.com/creators/profile/lg4xls4wg-pepeft-jpg-jxc37f.jpg", "url":"view-profile-marnelp_5.html", "posts":"5"}, "tag":[{"community_name":"Memes", "image":"https://static01.nyt.com/images/2021/04/30/multimedia/30xp-meme/29xp-meme-mediumSquareAt3X-v5.jpg", "url":"index memes.html"}]},

{"title":"need help with Information Security", "text":"I recently received the acceptance into Information Security and am really excited, but nervous at the same time cause I have read online on how difficult it is for many people. Any ways on how to prepare beforehand (languages, example coding problems, previous study materials, etc)? Thanks so much!", "image":"https://media1.tenor.com/m/tevbXx2VEdEAAAAd/help-help-kenan-thompson.gif", "date":"01/01/2077", "url":"post21marnelp_needhelp_isec redt.html", "user":{"username":"drnelp", "name":"Marnel Peradilla ", "bio":"Why are oranges called oranges, but apples aren't called red?", "image":"https://pyxis.nymag.com/v1/imgs/d6a/dc7/4a5001b7beea096457f480c8808572428b-09-roll-safe.rsquare.w400.jpg", "url":"view-profile-ryang_4.html", "posts":"5"}, "tag":[{"community_name":"Information Securty", "image":"https://gliff.ai/wp-content/uploads/2022/01/cyber-security-g09fa3df31_1920-square-1024x1024.jpg", "url":"index isec.html"}, {"community_name":"Red Team", "image":"https://assets.tryhackme.com/img/paths/redteaming-square.png", "url":"index redt.html"}]}]