[{"username":"g4n6", "name":"Gio Ascan", "bio":"We think outside the box, but we’re still inside the internet.", "image":"https://wallpapercave.com/wp/wp8218764.jpg", "url":"view-profile-gioascan_1.html", "posts":"5"},

{"username":"Pikasaur", "name":"Jerome Gutierrez", "bio":"I only played pokemon Ruby", "image":"https://img.artpal.com/95405/2-15-9-21-14-45-47m.jpg", "url":"view-profile-jeromeguit_2.html", "posts":"5"},

{"username":"Naz", "name":"Keinaz Domingo ", "bio":"Too lazy for a bio", "image":"https://cdn.vectorstock.com/i/preview-1x/77/70/handyman-monkey-wrench-circle-cartoon-vector-9967770.jpg", "url":"view-profile-kdomingo_3.html", "posts":"5"},

{"username":"drnelp", "name":"Marnel Peradilla ", "bio":"Why are oranges called oranges, but apples aren't called red?", "image":"https://pyxis.nymag.com/v1/imgs/d6a/dc7/4a5001b7beea096457f480c8808572428b-09-roll-safe.rsquare.w400.jpg", "url":"view-profile-marnelp_5.html", "posts":"5"},

{"username":"Cybersec Memes", "name":"Ryan Giran ", "bio":"I am unironically a mod. Pls DM me", "image":"https://f8n-production.s3.amazonaws.com/creators/profile/lg4xls4wg-pepeft-jpg-jxc37f.jpg", "url":"view-profile-ryang_4.html", "posts":"5"}]